BCUT2D_CHGHI,BCUT2D_CHGLO,BCUT2D_LOGPHI,BCUT2D_LOGPLOW,BCUT2D_MRHI,BCUT2D_MRLOW,BCUT2D_MWHI,BCUT2D_MWLOW,BalabanJ,EState_VSA11,EState_VSA2,EState_VSA3,EState_VSA4,EState_VSA5,EState_VSA6,EState_VSA7,EState_VSA8,EState_VSA9,FractionCSP3,HallKierAlpha,Kappa3,MaxAbsEStateIndex,MinAbsEStateIndex,MinEStateIndex,MolLogP,NumAliphaticCarbocycles,NumAromaticRings,NumRadicalElectrons,NumSaturatedCarbocycles,PEOE_VSA11,PEOE_VSA13,PEOE_VSA14,PEOE_VSA3,PEOE_VSA4,PEOE_VSA5,PEOE_VSA6,PEOE_VSA7,PEOE_VSA8,PEOE_VSA9,RingCount,SMR_VSA10,SMR_VSA2,SMR_VSA4,SMR_VSA7,SMR_VSA9,SlogP_VSA10,SlogP_VSA11,SlogP_VSA12,SlogP_VSA4,SlogP_VSA5,SlogP_VSA6,SlogP_VSA7,SlogP_VSA8,VSA_EState1,VSA_EState10,VSA_EState6,VSA_EState8,VSA_EState9,fr_ArN,fr_Ar_COO,fr_Ar_NH,fr_Ar_OH,fr_C_S,fr_HOCCN,fr_Imine,fr_NH0,fr_N_O,fr_Ndealkylation1,fr_Ndealkylation2,fr_SH,fr_aldehyde,fr_alkyl_carbamate,fr_alkyl_halide,fr_allylic_oxid,fr_amidine,fr_aniline,fr_aryl_methyl,fr_azide,fr_azo,fr_barbitur,fr_benzodiazepine,fr_bicyclic,fr_diazo,fr_dihydropyridine,fr_epoxide,fr_ester,fr_furan,fr_guanido,fr_halogen,fr_hdrzine,fr_hdrzone,fr_imidazole,fr_imide,fr_isothiocyan,fr_ketone,fr_ketone_Topliss,fr_lactam,fr_lactone,fr_methoxy,fr_morpholine,fr_nitrile,fr_nitro,fr_nitro_arom,fr_nitro_arom_nonortho,fr_nitroso,fr_oxazole,fr_oxime,fr_para_hydroxylation,fr_piperdine,fr_piperzine,fr_priamide,fr_pyridine,fr_quatN,fr_sulfide,fr_sulfonamd,fr_sulfone,fr_term_acetylene,fr_tetrazole,fr_thiazole,fr_thiocyan,fr_thiophene,fr_unbrch_alkane,fr_urea,qed,BertzCT,FpDensityMorgan2,MaxAbsPartialCharge,MinAbsPartialCharge,NOCount,NumSaturatedHeterocycles,PEOE_VSA12,SMR_VSA6,SlogP_VSA3,VSA_EState2,VSA_EState3,VSA_EState4,VSA_EState5,fr_Al_COO,fr_Ar_N,fr_benzene,fr_phenol_noOrthoHbond,fr_phos_ester
2.349275808006253,-2.344919202804311,2.089607814133608,-2.603286976711484,4.9095178595174085,-0.1005117163211789,16.364709919527417,9.967240332462069,2.516424270605089,0.0,13.151638370425491,0.0,0.0,0.0,0.0,0.0,5.316788604006331,15.319582184522115,1.0,-0.2,1.686939791760978,9.17537037037037,0.1978703703703703,-1.1588888888888895,-2.9667999999999988,0.0,0.0,0.0,0.0,0.0,0.0,0.0,0.0,0.0,0.0,0.0,0.0,6.544756405912575,24.85665556915748,1.0,0.0,0.0,0.0,0.0,0.0,0.0,0.0,0.0,0.0,0.0,0.0,0.0,0.0,0.0,0.0,-0.5338888888888893,-0.047222222222222,0.0,0.0,0.0,0.0,0.0,0.0,1.0,0.0,0.0,0.0,0.0,0.0,0.0,0.0,0.0,0.0,0.0,0.0,0.0,0.0,0.0,0.0,0.0,0.0,0.0,0.0,0.0,0.0,0.0,0.0,0.0,0.0,0.0,0.0,0.0,0.0,0.0,0.0,0.0,0.0,0.0,0.0,0.0,0.0,0.0,0.0,0.0,0.0,0.0,0.0,0.0,1.0,0.0,0.0,0.0,0.0,0.0,0.0,0.0,0.0,0.0,0.0,0.0,0.0,0.0,0.0,0.2845532670772798,129.7506906689389,1.818181818181818,0.3946490549126711,0.1085501698336714,5.0,1.0,0.0,13.151638370425491,0.0,0.0,38.61819444444444,0.0,0.0,0.0,0.0,0.0,0.0,0.0
2.3931329432466493,-2.1197774927962856,2.127077592424981,-2.3712722482023487,4.968707291609552,0.0129506260216664,16.34089970093605,10.097278888564684,2.53111681718666,0.0,13.213763929025836,0.0,0.0,0.0,0.0,0.0,5.316788604006331,10.213054789681411,1.0,-0.2,1.520844811753903,9.17537037037037,0.2413425925925925,-0.9887500000000002,-2.9667999999999983,0.0,0.0,0.0,0.0,0.0,0.0,0.0,0.0,0.0,0.0,0.0,0.0,0.0,37.50537836281836,1.0,0.0,0.0,0.0,0.0,0.0,0.0,0.0,0.0,0.0,0.0,0.0,0.0,0.0,0.0,0.0,-1.0515740740740749,-0.482685185185185,0.0,0.0,0.0,0.0,0.0,0.0,0.0,0.0,0.0,0.0,0.0,0.0,0.0,0.0,0.0,0.0,0.0,0.0,0.0,0.0,0.0,0.0,0.0,0.0,0.0,0.0,0.0,0.0,0.0,0.0,0.0,0.0,0.0,0.0,0.0,0.0,0.0,0.0,0.0,0.0,0.0,0.0,0.0,0.0,0.0,0.0,0.0,0.0,0.0,0.0,0.0,0.0,0.0,0.0,0.0,0.0,0.0,0.0,0.0,0.0,0.0,0.0,0.0,0.0,0.0,0.0,0.2996629626734003,113.7506906689389,1.2727272727272727,0.3946489061905873,0.0989902031734157,5.0,1.0,0.0,13.213763929025836,0.0,0.0,38.34509259259259,0.0,0.0,0.0,0.0,0.0,0.0,0.0
2.2888112282549664,-2.2193339158518417,2.0239645836161584,-2.4582917560827138,5.5622203993732855,-0.1359364380504999,16.38943104556978,10.046436015003843,4.070579536848795,0.0,6.286160523129555,0.0,0.0,0.0,0.0,0.0,0.0,25.532636974203527,0.8333333333333334,-0.5299999999999999,2.8388089924448727,9.896426209372638,0.025774754346183,-1.787361111111111,-3.3788000000000005,0.0,0.0,0.0,0.0,6.286160523129555,0.0,0.0,0.0,0.0,0.0,0.0,0.0,0.0,6.606881964512918,0.0,6.286160523129555,0.0,0.0,0.0,0.0,0.0,0.0,0.0,0.0,0.0,0.0,0.0,0.0,0.0,0.0,0.0,-0.760115268329554,0.0,0.0,0.0,0.0,0.0,0.0,0.0,0.0,0.0,0.0,0.0,0.0,0.0,1.0,0.0,0.0,0.0,0.0,0.0,0.0,0.0,0.0,0.0,0.0,0.0,0.0,0.0,0.0,0.0,0.0,0.0,0.0,0.0,0.0,0.0,0.0,0.0,0.0,0.0,0.0,0.0,0.0,0.0,0.0,0.0,0.0,0.0,0.0,0.0,0.0,0.0,0.0,0.0,0.0,0.0,0.0,0.0,0.0,0.0,0.0,0.0,0.0,0.0,0.0,0.0,0.0,0.2816378107304672,138.0,1.5833333333333333,0.3935791329107738,0.1507548295166195,6.0,0.0,0.0,6.606881964512918,4.794537184071822,9.896426209372638,43.53638652683295,0.0,0.0,0.0,0.0,0.0,0.0,0.0
2.5251322896879453,-2.165705936098354,2.5185067306221844,-2.279804369192838,6.008390166109583,-0.2863570639608549,19.300109165314726,9.942108432452637,1.4045640003073638,0.0,22.96965488761631,35.4803370019295,5.563451491696996,24.26546827384644,30.33183534230805,6.923737199690624,19.77449303255364,0.0,0.2083333333333333,-4.009999999999999,3.751639546120124,13.34189512661893,0.0755625016461403,-3.722131486094564,4.747020000000004,1.0,3.0,0.0,1.0,11.49902366656781,0.0,12.263955139220243,9.77851570501903,0.0,8.78083009534964,24.26546827384644,61.22411877124468,5.563451491696996,16.672369955942237,5.0,17.694347795138384,0.0,0.0,71.28765809124549,22.756403153113265,14.598692873184667,11.49902366656781,0.0,6.923737199690624,34.326534905014825,54.59730361615449,0.0,11.257379486545457,35.62780988581598,0.0,14.206993686399974,1.839433114400456,0.0,0.0,1.0,0.0,0.0,0.0,0.0,0.0,1.0,0.0,0.0,0.0,0.0,0.0,0.0,2.0,0.0,0.0,1.0,1.0,0.0,0.0,0.0,0.0,1.0,0.0,0.0,0.0,0.0,0.0,0.0,2.0,0.0,0.0,0.0,0.0,0.0,0.0,0.0,0.0,0.0,0.0,0.0,0.0,0.0,0.0,0.0,0.0,0.0,0.0,0.0,0.0,0.0,0.0,1.0,0.0,0.0,0.0,0.0,0.0,0.0,0.0,0.0,0.0,0.0,0.0,0.5800857204161392,1303.7621204957063,1.7878787878787878,0.5857872164321093,0.4776389864514266,7.0,0.0,5.907179729351506,5.316788604006331,10.2095276534686,28.982244432301982,12.070424905683794,1.7939156417356874,-1.2317166258996286,0.0,1.0,2.0,0.0,0.0
2.5260593914701146,-2.2518227768160246,2.520699087657772,-2.2896936276803608,6.024962323112416,-0.2863569187984125,19.30013861455491,9.899285973316491,1.464049349484681,4.39041504767482,30.338048311676864,35.001947664478536,0.0,30.33183534230805,24.480941115634213,0.0,14.790514511606428,0.0,0.4230769230769231,-3.28,4.405521026678923,15.234076607048287,0.0176786547687521,-3.772280226006563,3.395300000000002,1.0,3.0,0.0,1.0,11.49902366656781,0.0,6.294649851268394,4.39041504767482,0.0,8.78083009534964,19.913841467842857,42.67056301139546,22.561509747171645,42.48156418438332,5.0,22.49749093611612,0.0,0.0,53.47280273836101,11.49902366656781,18.858631417708025,11.49902366656781,0.0,5.817220841045895,37.94649713177873,36.39820241076966,0.0,10.902924932081056,52.6204124394488,0.0,8.629753579073355,2.8611123783825287,0.0,0.0,0.0,0.0,0.0,0.0,0.0,0.0,1.0,0.0,0.0,0.0,0.0,0.0,0.0,2.0,0.0,0.0,1.0,0.0,0.0,0.0,0.0,0.0,2.0,0.0,0.0,0.0,0.0,0.0,0.0,3.0,0.0,0.0,0.0,0.0,0.0,0.0,0.0,0.0,0.0,0.0,0.0,0.0,0.0,0.0,0.0,0.0,0.0,0.0,0.0,0.0,0.0,0.0,0.0,0.0,0.0,0.0,0.0,0.0,0.0,0.0,0.0,0.0,0.0,0.0,0.3623253042445342,1382.3793458789962,1.837837837837838,0.5857872164321093,0.3954118904366832,8.0,0.0,5.907179729351506,18.530552533032168,22.16927452877796,13.277956677486577,32.46181858486298,-0.3039329400339565,-1.4915802285991455,0.0,1.0,2.0,0.0,0.0
2.4777382274112902,-2.3352595848213658,2.387370072843163,-2.407658112748399,7.897455745784215,-0.2193589986190064,32.233273764769244,9.941567018703648,1.6775643266870617,0.0,39.58648290033005,6.544756405912575,20.268296022307258,46.88013141859198,7.04767198267719,18.74738413023173,26.827174201692,4.736862953800049,0.5384615384615384,-3.62,6.185156001581309,13.41543526356179,0.0272657820118866,-4.453080423326581,4.020020000000003,0.0,3.0,0.0,0.0,5.817862777835028,15.930470882759089,6.176298517443475,22.80567330487342,18.26992695132549,5.098681808301038,6.923737199690624,59.09014780446374,37.59140785266087,16.672369955942237,4.0,21.74833366059412,0.0,18.380568498235363,41.85016783515644,11.6978511142704,18.98910792085949,5.879988336435371,0.0,18.2566337152488,57.0914242919964,35.48827182412876,0.0,5.817862777835028,75.82747732866886,0.0,4.342305681625563,9.622402681246076,-2.651066763958074,0.0,0.0,0.0,0.0,0.0,0.0,0.0,6.0,0.0,0.0,0.0,0.0,0.0,0.0,3.0,0.0,0.0,1.0,2.0,0.0,0.0,0.0,0.0,0.0,0.0,0.0,0.0,0.0,0.0,0.0,3.0,0.0,0.0,0.0,0.0,0.0,0.0,0.0,0.0,0.0,0.0,0.0,0.0,0.0,0.0,0.0,0.0,0.0,0.0,0.0,0.0,0.0,0.0,1.0,0.0,0.0,1.0,0.0,0.0,0.0,0.0,0.0,0.0,0.0,0.0,0.4131104469248584,1560.917468352818,1.8780487804878048,0.4756720726541465,0.396723158739643,11.0,1.0,5.879988336435371,18.051548101275973,17.070963136084774,19.92716779072363,8.251570857288524,-2.201284864013033,-0.0987575692373139,0.0,5.0,0.0,0.0,0.0
2.2872867562146384,-2.3094798512016173,2.2101061116704264,-2.4831133257247218,5.667924391243693,0.0213642987753282,16.32817662823063,10.048289723629535,2.2744699155608203,0.0,11.635725555670057,12.362619183747604,0.0,6.923737199690624,0.0,0.0,20.60153424990708,5.733667477162185,0.5555555555555556,-1.7999999999999998,2.1711949375410917,11.600498866213153,0.0255321449567482,-0.9790712396069544,-1.7002,0.0,1.0,0.0,0.0,5.817862777835028,5.559266895052007,0.0,0.0,4.9839785209472085,0.0,0.0,6.923737199690624,6.544756405912575,12.145807216896262,2.0,17.453588333505085,0.0,0.0,10.35380407912383,0.0,17.453588333505085,0.0,0.0,0.0,6.923737199690624,4.794537184071822,0.0,0.0,0.0,0.0,-0.463866213151928,1.8217137240698749,0.0,1.0,0.0,1.0,0.0,0.0,0.0,0.0,1.0,0.0,0.0,0.0,0.0,0.0,0.0,0.0,0.0,0.0,3.0,0.0,0.0,0.0,0.0,0.0,1.0,0.0,0.0,0.0,0.0,0.0,0.0,0.0,0.0,0.0,0.0,0.0,0.0,0.0,0.0,0.0,0.0,0.0,0.0,0.0,0.0,0.0,0.0,0.0,0.0,0.0,0.0,0.0,0.0,0.0,0.0,0.0,0.0,0.0,0.0,0.0,0.0,0.0,0.0,0.0,0.0,0.0,0.3628643483841513,472.1893969400922,2.235294117647059,0.3906392499708562,0.2773900359024849,8.0,0.0,5.948339280986494,22.912001091087426,0.0,17.869627267573694,24.732293372595954,5.204914126144286,0.3730255312001347,0.0,2.0,0.0,0.0,0.0
2.2869769672385725,-2.304919022565417,2.0969442270283163,-2.510078248763605,4.829630799031,-0.0490491022376585,16.332319858834147,9.949050439712211,2.4244381278314537,0.0,12.52478801067431,13.08951281182515,0.0,0.0,0.0,0.0,5.316788604006331,10.213054789681411,1.0,-0.16,1.461900826446281,9.187453703703705,0.0781481481481478,-0.7719907407407411,-2.080099999999999,0.0,0.0,0.0,0.0,0.0,0.0,0.0,0.0,0.0,0.0,0.0,0.0,25.614300822499462,12.207932775496603,1.0,0.0,0.0,5.917906046161393,0.0,0.0,0.0,0.0,0.0,5.917906046161393,0.0,0.0,0.0,0.0,0.0,0.0,0.0,0.9143055555555558,0.0,0.0,0.0,0.0,0.0,0.0,1.0,0.0,0.0,0.0,0.0,0.0,0.0,0.0,0.0,0.0,0.0,0.0,0.0,0.0,0.0,0.0,0.0,0.0,0.0,0.0,0.0,0.0,0.0,0.0,0.0,0.0,0.0,0.0,0.0,0.0,0.0,0.0,0.0,0.0,0.0,0.0,0.0,0.0,0.0,0.0,0.0,0.0,0.0,0.0,0.0,1.0,0.0,0.0,0.0,0.0,0.0,0.0,0.0,0.0,0.0,0.0,0.0,0.0,0.0,0.0,0.3433309453334218,109.16605111405164,2.0,0.3959328344143253,0.0926691722891409,4.0,1.0,0.0,19.696394776338067,0.0,0.0,29.80708333333333,0.0,-0.2187500000000004,0.0,0.0,0.0,0.0,0.0
2.4018560086106286,-2.28053717336071,2.463587227662116,-2.4471070518371234,7.994207047945375,-0.152427977437255,32.166665673506905,10.053098608783902,2.055852318919889,0.0,11.15711775933368,13.08951281182515,21.89583307518224,6.923737199690624,23.771592221519125,67.52619024389773,0.0,9.473725907600098,0.3636363636363636,-2.51,4.9157600211884604,13.555265810027716,0.2080388374485595,-0.9162433862433864,3.3685000000000027,0.0,2.0,0.0,0.0,6.103966387748303,5.907179729351506,5.969305287951849,0.0,0.0,11.761884949391115,24.26546827384644,43.92426373089781,24.90873348703355,18.04712184594327,3.0,29.32575624137803,0.0,0.0,54.09438803938988,5.749511833283905,5.687386274683562,5.749511833283905,11.761884949391115,0.0,17.737126721369794,53.42642002321065,0.0,0.0,10.82890289067584,1.54208734882842,15.356779998066974,2.548077373881396,5.540471876588988,0.0,0.0,0.0,0.0,0.0,0.0,0.0,2.0,0.0,1.0,0.0,0.0,0.0,0.0,0.0,0.0,0.0,1.0,0.0,0.0,0.0,0.0,0.0,1.0,0.0,0.0,0.0,1.0,0.0,0.0,0.0,0.0,0.0,0.0,0.0,0.0,0.0,0.0,0.0,0.0,1.0,0.0,0.0,0.0,0.0,0.0,0.0,0.0,0.0,1.0,0.0,0.0,0.0,0.0,0.0,1.0,0.0,0.0,0.0,0.0,0.0,0.0,0.0,0.0,0.0,0.6757916364888925,869.3709150000029,1.827586206896552,0.4967682073380949,0.3029673059744404,6.0,0.0,0.0,39.19456404930754,14.325937321943693,30.158230889080457,-0.3585071806500377,1.747385519022424,0.0528146707489246,0.0,0.0,2.0,0.0,0.0
2.185958823772325,-2.262085838905656,2.282654271493773,-2.3382375874791785,9.10839296780441,0.116266219442505,79.9197636032603,9.928078396615794,1.9383068439879392,0.0,6.103966387748303,6.041840829147961,52.42431969566201,0.0,0.0,12.13273413692322,37.17667639990503,5.733667477162185,0.5384615384615384,-0.1,3.697027680899864,9.46892480818978,0.1035799844629212,-0.1035799844629212,3.1869000000000014,1.0,1.0,0.0,1.0,0.0,0.0,0.0,0.0,0.0,0.0,15.929943897949348,59.30941601827361,21.532036266725363,11.791352662431866,2.0,37.54727407058226,0.0,0.0,26.641624660285043,0.0,5.687386274683562,0.0,31.859887795898697,0.0,31.246737983401037,21.078173168588048,0.0,0.0,1.9510951541110275,6.92953621975267,4.491818849440603,0.7684873393801965,0.0,1.0,0.0,0.0,0.0,0.0,0.0,0.0,0.0,0.0,0.0,0.0,0.0,0.0,0.0,0.0,0.0,0.0,1.0,0.0,0.0,0.0,0.0,0.0,0.0,0.0,0.0,0.0,0.0,0.0,0.0,2.0,0.0,0.0,0.0,0.0,0.0,0.0,0.0,0.0,0.0,0.0,0.0,0.0,0.0,0.0,0.0,0.0,0.0,0.0,0.0,0.0,0.0,0.0,0.0,0.0,0.0,0.0,0.0,0.0,0.0,0.0,0.0,0.0,0.0,0.0,0.7086826591926151,417.697425480486,1.8888888888888888,0.3975499120428346,0.0541007209800629,3.0,0.0,0.0,5.733667477162185,6.544756405912575,0.0,12.989850734115706,7.9339590157050495,0.0,0.0,0.0,1.0,0.0,0.0
2.349275808006253,-2.344919202804311,2.089607814133608,-2.603286976711484,4.9095178595174085,-0.1005117163211789,16.364709919527417,9.967240332462069,2.516424270605089,0.0,13.151638370425491,0.0,0.0,0.0,0.0,0.0,5.316788604006331,15.319582184522115,1.0,-0.2,1.686939791760978,9.17537037037037,0.1978703703703703,-1.1588888888888895,-2.9667999999999988,0.0,0.0,0.0,0.0,0.0,0.0,0.0,0.0,0.0,0.0,0.0,0.0,6.544756405912575,24.85665556915748,1.0,0.0,0.0,0.0,0.0,0.0,0.0,0.0,0.0,0.0,0.0,0.0,0.0,0.0,0.0,0.0,-0.5338888888888893,-0.047222222222222,0.0,0.0,0.0,0.0,0.0,0.0,1.0,0.0,0.0,0.0,0.0,0.0,0.0,0.0,0.0,0.0,0.0,0.0,0.0,0.0,0.0,0.0,0.0,0.0,0.0,0.0,0.0,0.0,0.0,0.0,0.0,0.0,0.0,0.0,0.0,0.0,0.0,0.0,0.0,0.0,0.0,0.0,0.0,0.0,0.0,0.0,0.0,0.0,0.0,0.0,0.0,1.0,0.0,0.0,0.0,0.0,0.0,0.0,0.0,0.0,0.0,0.0,0.0,0.0,0.0,0.0,0.2845532670772798,129.7506906689389,1.818181818181818,0.3946490549126711,0.1085501698336714,5.0,1.0,0.0,13.151638370425491,0.0,0.0,38.61819444444444,0.0,0.0,0.0,0.0,0.0,0.0,0.0
2.399246492331743,-2.426283482895058,2.186622369618007,-2.620581011989027,4.933971354339366,-0.1445780627899553,16.365516498047057,9.938320916410715,2.600455952398112,0.0,6.606881964512918,6.544756405912575,19.386399651764595,0.0,0.0,4.899909730850478,6.923737199690624,5.106527394840706,1.0,-0.2,2.886713538849829,9.665957105064248,0.19974111866969,-1.1527532123960695,-1.4542999999999997,0.0,0.0,0.0,0.0,0.0,0.0,0.0,0.0,0.0,0.0,13.344558822616634,12.965578028838586,6.544756405912575,18.75268918140918,1.0,0.0,0.0,0.0,0.0,0.0,0.0,0.0,0.0,0.0,19.765380445542643,0.0,0.0,0.0,0.0,0.0,-0.4630092592592596,2.8891707608969512,0.0,0.0,0.0,0.0,0.0,0.0,1.0,0.0,1.0,0.0,0.0,1.0,0.0,0.0,0.0,0.0,0.0,0.0,0.0,0.0,0.0,0.0,0.0,0.0,0.0,0.0,0.0,0.0,0.0,0.0,0.0,0.0,0.0,0.0,0.0,0.0,0.0,0.0,0.0,0.0,0.0,0.0,0.0,0.0,0.0,0.0,0.0,0.0,0.0,0.0,0.0,1.0,0.0,0.0,0.0,0.0,0.0,0.0,0.0,0.0,0.0,0.0,0.0,0.0,0.0,0.0,0.4645740538240355,190.26120178074865,1.8666666666666667,0.3946407959841677,0.1085681113265187,5.0,1.0,0.0,19.696394776338067,0.0,1.8388425925925929,37.75778289556563,0.0,0.0,0.0,0.0,0.0,0.0,0.0
2.3997595665139446,-2.422880729244905,2.176043203261965,-2.623792970389008,4.933671177974369,-0.1459896239207918,16.36585137529482,9.942030057361157,2.659759423062189,0.0,26.303276740850983,0.0,0.0,0.0,4.899909730850478,0.0,0.0,10.213054789681411,1.0,-0.24,2.220908077805413,9.51162037037037,0.1190126606198036,-1.2341732804232806,-3.262099999999999,0.0,0.0,0.0,0.0,0.0,0.0,0.0,0.0,0.0,0.0,0.0,0.0,13.08951281182515,25.3595711459221,1.0,0.0,0.0,0.0,0.0,0.0,0.0,0.0,0.0,0.0,0.0,0.0,0.0,0.0,0.0,0.0,-0.6244907407407412,-0.0346608087679511,0.0,0.0,0.0,0.0,0.0,0.0,2.0,0.0,1.0,0.0,0.0,1.0,0.0,0.0,0.0,0.0,0.0,0.0,0.0,0.0,0.0,0.0,0.0,0.0,0.0,0.0,0.0,0.0,0.0,0.0,0.0,0.0,0.0,0.0,0.0,0.0,0.0,0.0,0.0,0.0,0.0,0.0,0.0,0.0,0.0,0.0,0.0,0.0,0.0,0.0,0.0,1.0,0.0,0.0,0.0,0.0,0.0,0.0,0.0,0.0,0.0,0.0,0.0,0.0,0.0,0.0,0.3326203956682485,179.11457394522589,1.7142857142857142,0.3950443155646255,0.1085681377098348,6.0,1.0,0.0,26.303276740850983,0.0,1.5575925925925926,45.89624149659864,0.0,0.0,0.0,0.0,0.0,0.0,0.0
2.519476517550164,-2.477324803231584,2.3120666441900704,-2.679320406119752,5.562869715408841,-0.3608095970510206,16.742867265552064,9.863165011597742,1.7104000515539235,0.0,11.859265053198822,0.0,0.0,12.999757306524504,0.0,0.0,5.316788604006331,18.9474518152002,0.88,-1.3100000000000005,7.793473874186972,10.882536297845196,0.0089989934568333,-2.1034896027377714,-8.721900000000007,1.0,0.0,0.0,0.0,18.86621398179998,0.0,0.0,0.0,0.0,0.0,6.076020106833881,12.496841729759891,0.0,38.00829393958298,3.0,6.286160523129555,0.0,0.0,11.64912463690315,0.0,0.0,0.0,0.0,0.0,6.923737199690624,11.64912463690315,0.0,0.0,22.002479505106862,0.0,-2.207982118425624,-1.0792747553022193,0.0,0.0,0.0,0.0,0.0,0.0,0.0,0.0,0.0,0.0,0.0,0.0,0.0,1.0,0.0,0.0,0.0,0.0,0.0,0.0,0.0,0.0,0.0,0.0,0.0,0.0,0.0,0.0,0.0,0.0,0.0,0.0,0.0,0.0,0.0,0.0,0.0,0.0,0.0,0.0,0.0,0.0,0.0,0.0,0.0,0.0,0.0,0.0,0.0,0.0,0.0,0.0,0.0,0.0,0.0,0.0,0.0,0.0,0.0,0.0,0.0,0.0,0.0,0.0,0.0,0.0,0.0652615042977129,942.774322046194,1.5227272727272727,0.3935789359909636,0.1867327908501605,19.0,2.0,0.0,19.820645893538757,23.741988999272017,10.882536297845196,134.88087200068026,0.0089989934568333,0.0,0.0,0.0,0.0,0.0,0.0
2.2888112282549686,-2.219333915851841,2.023964583616162,-2.458291756082715,5.562220399373285,-0.1359364380504998,16.389431045569793,10.046436015003849,4.070579536848794,0.0,6.286160523129555,0.0,0.0,0.0,0.0,0.0,0.0,25.532636974203527,0.8333333333333334,-0.53,2.8388089924448727,9.896426209372638,0.025774754346183,-1.7873611111111114,-3.378800000000001,0.0,0.0,0.0,0.0,6.286160523129555,0.0,0.0,0.0,0.0,0.0,0.0,0.0,0.0,6.606881964512918,0.0,6.286160523129555,0.0,0.0,0.0,0.0,0.0,0.0,0.0,0.0,0.0,0.0,0.0,0.0,0.0,0.0,0.0,-0.7601152683295536,0.0,0.0,0.0,0.0,0.0,0.0,0.0,0.0,0.0,0.0,0.0,0.0,0.0,1.0,0.0,0.0,0.0,0.0,0.0,0.0,0.0,0.0,0.0,0.0,0.0,0.0,0.0,0.0,0.0,0.0,0.0,0.0,0.0,0.0,0.0,0.0,0.0,0.0,0.0,0.0,0.0,0.0,0.0,0.0,0.0,0.0,0.0,0.0,0.0,0.0,0.0,0.0,0.0,0.0,0.0,0.0,0.0,0.0,0.0,0.0,0.0,0.0,0.0,0.0,0.0,0.0,0.2816378107304672,138.0,1.5833333333333333,0.3935791329107738,0.1507548295166195,6.0,0.0,0.0,6.606881964512918,4.794537184071822,9.896426209372638,43.53638652683296,0.0,0.0,0.0,0.0,0.0,0.0,0.0
2.144961042700432,-2.0788559601389056,1.864433495468342,-2.403563066312474,7.798532635861703,-0.1403257407739892,32.11686682549864,10.326221431209438,3.833483296499401,0.0,11.660033336098294,0.0,0.0,6.923737199690624,0.0,0.0,17.94557775201932,5.106527394840706,0.6,-0.71,3.341930325442243,10.309104938271606,0.1060648148148146,-1.0646296296296296,-0.4945,0.0,0.0,0.0,0.0,0.0,0.0,5.969305287951849,4.794537184071822,12.628789148012991,0.0,0.0,0.0,12.676590806437414,0.0,0.0,24.505274165316344,0.0,0.0,0.0,0.0,0.0,0.0,12.628789148012991,0.0,6.923737199690624,0.0,0.0,0.0,0.0,3.734027777777778,-0.8742283950617289,1.2632716049382715,0.0,0.0,0.0,0.0,0.0,0.0,0.0,0.0,0.0,0.0,0.0,0.0,1.0,0.0,0.0,0.0,0.0,0.0,0.0,0.0,0.0,0.0,0.0,0.0,0.0,0.0,0.0,0.0,0.0,0.0,0.0,0.0,0.0,0.0,0.0,0.0,0.0,0.0,0.0,0.0,0.0,0.0,0.0,0.0,0.0,0.0,0.0,0.0,0.0,0.0,0.0,0.0,0.0,0.0,0.0,0.0,0.0,0.0,0.0,0.0,0.0,0.0,0.0,0.0,0.0,0.0,0.4915427134370949,147.8284895747849,2.2,0.4796946683190343,0.3265573389762101,4.0,0.0,5.907179729351506,5.752853606746789,9.589074368143644,20.511512345679016,10.57263888888889,0.0,-1.318333333333333,1.0,0.0,0.0,0.0,0.0
2.152393081773302,-2.0760162375909346,1.8005982034338863,-2.4165329554576145,5.815681376991685,-0.1421653652286008,16.37139476387977,10.30303587549786,3.833483296499401,0.0,0.0,0.0,0.0,6.923737199690624,0.0,5.316788604006331,0.0,10.213054789681411,0.6,-1.1,3.032306526953668,10.231944444444444,0.4708796296296291,-1.2382407407407403,-1.4319999999999995,0.0,0.0,0.0,0.0,0.0,0.0,5.969305287951849,4.794537184071822,0.0,0.0,0.0,0.0,6.923737199690624,6.606881964512918,0.0,11.876485017303356,0.0,0.0,0.0,0.0,0.0,0.0,0.0,0.0,6.923737199690624,0.0,0.0,0.0,0.0,0.0,-1.182870370370371,0.5977314814814811,0.0,0.0,0.0,0.0,0.0,0.0,0.0,0.0,0.0,0.0,0.0,0.0,0.0,0.0,0.0,0.0,0.0,0.0,0.0,0.0,0.0,0.0,0.0,0.0,0.0,0.0,0.0,0.0,0.0,0.0,0.0,0.0,0.0,0.0,0.0,0.0,0.0,0.0,0.0,0.0,0.0,0.0,0.0,0.0,0.0,0.0,0.0,0.0,0.0,0.0,0.0,0.0,0.0,0.0,0.0,0.0,0.0,0.0,0.0,0.0,0.0,0.0,0.0,0.0,0.0,0.0,0.4563490775293282,144.58337707694838,2.1,0.4796517120440778,0.3281209733484663,5.0,0.0,5.907179729351506,6.606881964512918,9.589074368143644,20.32324074074074,18.637685185185184,0.0,-1.7091203703703697,1.0,0.0,0.0,0.0,0.0
2.143201371635718,-2.2625117582776606,1.9721558974907445,-2.428755258069722,5.64288438879498,-0.8731005151423462,16.368571982453922,10.214393819273871,3.694259125238623,0.0,6.4208216229260096,11.027787263607198,0.0,0.0,0.0,21.143015948031568,0.0,5.106527394840706,0.8571428571428571,-0.6100000000000001,7.285016628286414,10.01751133786848,0.2822222222222224,-1.202824074074074,-1.8064999999999984,0.0,0.0,0.0,0.0,0.0,0.0,0.0,0.0,0.0,0.0,0.0,0.0,12.39012691087786,21.143015948031568,0.0,5.969305287951849,0.0,0.0,0.0,0.0,0.0,0.0,0.0,0.0,6.4208216229260096,0.0,0.0,0.0,0.5500462962962963,0.0,0.0,0.4245833333333333,5.662199546485261,0.0,0.0,0.0,0.0,0.0,0.0,0.0,1.0,0.0,1.0,0.0,0.0,0.0,0.0,0.0,0.0,0.0,0.0,0.0,0.0,0.0,0.0,0.0,0.0,0.0,0.0,0.0,0.0,0.0,0.0,0.0,0.0,0.0,0.0,0.0,0.0,0.0,0.0,0.0,0.0,0.0,0.0,0.0,0.0,0.0,0.0,0.0,0.0,0.0,0.0,0.0,0.0,0.0,0.0,1.0,0.0,0.0,0.0,0.0,0.0,0.0,0.0,0.0,0.0,0.0,0.4944861326467559,139.1113374466282,2.0,0.5500638112675683,0.1080457319082705,4.0,0.0,0.0,27.687772353944144,4.794537184071822,10.01751133786848,19.136261337868483,0.0,-1.202824074074074,1.0,0.0,0.0,0.0,0.0
2.4695725650785803,-2.40334116149193,2.273785818237517,-2.608554865500249,5.008282106647021,-0.1404204109515326,16.36660209693262,9.92973450747684,2.146123803183237,0.0,0.0,19.51033443475116,0.0,0.0,0.0,4.899909730850478,0.0,0.0,1.0,-0.2,1.3663097993827162,9.577037037037035,0.3332870370370373,-1.1305555555555562,-2.482099999999999,0.0,0.0,0.0,0.0,0.0,0.0,0.0,0.0,0.0,0.0,0.0,6.4208216229260096,13.08951281182515,18.249773604644567,2.0,0.0,0.0,0.0,0.0,0.0,0.0,0.0,0.0,0.0,6.4208216229260096,0.0,0.0,0.0,0.0,0.0,-0.4042592592592595,1.0065740740740745,0.0,0.0,0.0,0.0,0.0,0.0,0.0,0.0,1.0,0.0,0.0,0.0,0.0,0.0,0.0,0.0,0.0,0.0,0.0,0.0,0.0,0.0,0.0,0.0,1.0,0.0,0.0,0.0,0.0,0.0,0.0,0.0,0.0,0.0,0.0,0.0,0.0,0.0,0.0,0.0,0.0,0.0,0.0,0.0,0.0,0.0,0.0,0.0,0.0,0.0,0.0,1.0,0.0,0.0,0.0,0.0,0.0,0.0,0.0,0.0,0.0,0.0,0.0,0.0,0.0,0.0,0.3389144529714608,200.5830480925421,1.6153846153846154,0.3913397920107434,0.1085799338989418,5.0,2.0,0.0,13.08951281182515,0.0,1.826111111111111,37.80287037037037,0.0,0.0,0.0,0.0,0.0,0.0,0.0
2.5083187788311814,-2.4558845166384966,2.29170911683265,-2.6770428041637246,5.046187015454458,-0.2074502857702078,16.39986273082486,9.759272145971044,2.7894978786896303,0.0,6.4208216229260096,0.0,0.0,0.0,0.0,0.0,5.316788604006331,15.319582184522115,1.0,-0.32,2.9788868264114963,9.929321617535903,0.2228240740740736,-1.9387155139833712,-4.492399999999994,1.0,0.0,0.0,1.0,0.0,0.0,0.0,0.0,0.0,0.0,0.0,6.4208216229260096,6.041840829147961,31.96645311043502,1.0,0.0,0.0,0.0,0.0,0.0,0.0,0.0,0.0,0.0,6.4208216229260096,0.0,0.0,0.0,0.0,0.0,-1.5973280423280434,-1.5645951436130008,0.0,0.0,0.0,0.0,0.0,0.0,0.0,0.0,0.0,0.0,0.0,0.0,0.0,0.0,0.0,0.0,0.0,0.0,0.0,0.0,0.0,0.0,0.0,0.0,0.0,0.0,0.0,0.0,0.0,0.0,0.0,0.0,0.0,0.0,0.0,0.0,0.0,0.0,0.0,0.0,0.0,0.0,0.0,0.0,0.0,0.0,0.0,0.0,0.0,0.0,0.0,0.0,0.0,0.0,0.0,0.0,0.0,0.0,0.0,0.0,0.0,0.0,0.0,0.0,0.0,0.0,0.2478862019905274,262.6107499660216,1.6111111111111112,0.3946628006514605,0.1176142065542545,8.0,0.0,0.0,19.820645893538757,0.0,0.0,68.42428335222978,-1.9387155139833712,0.0,0.0,0.0,0.0,0.0,0.0
2.6233518407844705,-2.6210016164088263,2.67930676658567,-2.582693987402626,7.8532009040542095,-0.173878409640775,32.23974076714111,9.434246253974164,1.38682603571531,0.0,35.48984984955424,41.92825789989437,51.36657298340809,6.4208216229260096,0.0,0.0,26.0880002030782,4.552749873690364,0.9615384615384616,-0.7000000000000002,4.936061006340083,12.195576925600164,0.0624879436325715,-4.062199191570862,3.3973000000000013,4.0,0.0,0.0,4.0,0.0,10.118126859033554,0.0,0.0,8.417796984328938,0.0,20.771211599071872,104.124811822096,12.965578028838586,17.96078638224339,4.0,16.02530658838506,0.0,46.33741721576192,0.0,0.0,0.0,0.0,0.0,46.33741721576192,84.97942782833198,0.0,0.0,0.0,30.4813629576667,0.0,0.0,7.0471023853738455,-4.062199191570862,0.0,0.0,0.0,0.0,0.0,0.0,0.0,0.0,0.0,0.0,0.0,0.0,0.0,0.0,0.0,0.0,0.0,0.0,0.0,0.0,0.0,0.0,0.0,5.0,0.0,0.0,0.0,0.0,0.0,0.0,0.0,0.0,0.0,0.0,0.0,0.0,0.0,0.0,0.0,0.0,0.0,0.0,0.0,0.0,0.0,0.0,0.0,0.0,0.0,0.0,0.0,0.0,0.0,0.0,0.0,0.0,0.0,0.0,0.0,0.0,0.0,0.0,0.0,0.0,0.0,0.398161662848806,863.352151298812,1.7058823529411764,0.3931197136772926,0.2660980241121422,7.0,0.0,5.907179729351506,12.297610012659364,14.912664043105377,12.195576925600164,24.206578557799748,0.4113894289425008,2.0999823096901413,0.0,0.0,0.0,0.0,0.0
2.114189184767643,-2.102234341525196,2.288853306790146,-2.056161147218917,6.301811931707478,1.017050490218798,35.495691184743286,10.031789031807548,2.613511657499358,0.0,5.948339280986494,10.840496091576355,23.24165260116846,0.0,0.0,31.18920547353706,9.967957041894415,23.068274844556885,0.1666666666666666,-1.81,2.3134684472120437,5.903753306878307,0.2056143794966547,0.2056143794966547,2.5238000000000005,0.0,2.0,0.0,0.0,0.0,0.0,0.0,4.9839785209472085,4.9839785209472085,0.0,30.65741122684636,24.117007251546223,10.586084805438322,5.693927994848461,2.0,23.36714194905404,0.0,0.0,34.982029582436226,11.126902983393991,11.766202058821523,0.0,11.600939890232516,0.0,12.617665194539086,24.26546827384644,5.022633313741326,11.126902983393991,0.0,5.855308650723663,7.414411060720584,2.0006267146776406,0.0,2.0,0.0,0.0,0.0,0.0,0.0,0.0,2.0,0.0,0.0,0.0,0.0,0.0,0.0,0.0,0.0,0.0,2.0,1.0,0.0,0.0,0.0,0.0,0.0,0.0,0.0,0.0,0.0,0.0,0.0,1.0,0.0,0.0,0.0,0.0,0.0,0.0,0.0,0.0,0.0,0.0,0.0,0.0,0.0,0.0,0.0,0.0,0.0,0.0,0.0,0.0,0.0,0.0,0.0,0.0,0.0,0.0,0.0,0.0,0.0,0.0,0.0,0.0,0.0,0.0,0.8561371493463948,536.9470467453648,1.7647058823529411,0.3830067506254967,0.2217267939516916,4.0,0.0,5.948339280986494,11.46733495432437,6.4208216229260096,8.197384731670446,0.682160441337029,14.110988021751911,0.6053110915147957,0.0,2.0,1.0,0.0,0.0
2.40890572737762,-2.376559409796199,2.17123404573746,-2.613016810873888,4.899291344468678,-0.2483063188571188,16.627683919087314,9.979639241888965,2.6344089870615983,0.0,0.0,0.0,0.0,0.0,0.0,0.0,0.0,20.683585220643643,1.0,-0.24,1.5817587586505184,9.199537037037038,0.4702314814814812,-1.3467129629629626,-3.2549999999999994,0.0,0.0,0.0,0.0,6.290026729335213,0.0,0.0,0.0,0.0,0.0,0.0,0.0,0.0,12.64872279366088,1.0,0.0,0.0,5.733667477162185,0.0,0.0,0.0,0.0,0.0,0.0,0.0,0.0,0.0,0.0,4.700925925925926,0.0,-1.039074074074074,-0.4702314814814812,0.0,0.0,0.0,0.0,0.0,0.0,0.0,0.0,0.0,0.0,0.0,0.0,0.0,0.0,0.0,0.0,0.0,0.0,0.0,0.0,0.0,0.0,0.0,0.0,0.0,0.0,0.0,0.0,0.0,0.0,0.0,0.0,0.0,0.0,0.0,0.0,0.0,0.0,0.0,0.0,0.0,0.0,0.0,0.0,0.0,0.0,0.0,0.0,0.0,0.0,0.0,0.0,0.0,0.0,0.0,0.0,0.0,0.0,0.0,0.0,0.0,0.0,0.0,0.0,0.0,0.0,0.2884398980046361,150.1189836302382,1.75,0.3935665301280517,0.1725009303283749,6.0,1.0,0.0,6.606881964512918,4.736862953800049,0.0,36.0647515117158,5.262470710506425,0.0,0.0,0.0,0.0,0.0,0.0
2.302808787221333,-2.40030323658396,2.3003082286756,-2.450224330420786,5.958959465440424,0.0549098176147958,16.266326963932396,9.880646225002732,1.6065701897464988,0.0,11.8250857755129,12.462662452073973,36.81018947509803,0.0,0.0,60.6636706846161,11.947581713527669,0.0,0.4090909090909091,-1.97,4.559099019833947,12.53275427998462,0.2099146696991218,-0.447014009052249,4.236000000000003,0.0,2.0,0.0,0.0,5.783244946364939,0.0,0.0,0.0,0.0,0.0,67.0844923075421,31.87358834315221,24.067954772918924,6.103966387748303,3.0,5.783244946364939,0.0,0.0,71.7905736680101,0.0,0.0,0.0,0.0,0.0,54.12951466984416,60.6636706846161,0.0,0.0,0.0,0.0,19.96350637768116,0.0,2.1016666666666666,0.0,0.0,0.0,0.0,0.0,0.0,0.0,1.0,0.0,0.0,1.0,0.0,0.0,0.0,0.0,0.0,0.0,0.0,0.0,0.0,0.0,0.0,0.0,0.0,0.0,0.0,0.0,0.0,0.0,0.0,0.0,0.0,0.0,0.0,0.0,0.0,1.0,1.0,0.0,0.0,0.0,0.0,0.0,0.0,0.0,0.0,0.0,0.0,0.0,0.0,1.0,0.0,0.0,0.0,0.0,0.0,0.0,0.0,0.0,0.0,0.0,0.0,0.0,0.0,0.0,0.8017961908546781,670.9412795480588,1.64,0.388358782631956,0.1639332197784145,3.0,1.0,0.0,7.04767198267719,0.0,14.84872650220684,10.54309421301936,1.7645640390887511,0.2099146696991218,0.0,0.0,2.0,0.0,0.0
2.1176742465314984,-1.972662069137653,2.290823594686484,-1.9394735267401155,6.3458756132538925,0.0696659753907046,35.49683521655641,10.185968247511749,2.1463012528736813,0.0,5.563451491696996,32.59916290046406,0.0,12.13273413692322,24.26546827384644,0.0,4.9839785209472085,32.72555811235909,0.0,-2.039999999999999,2.3531964126846256,10.913746264958386,0.1428949007586579,-1.017916666666667,4.499800000000001,0.0,3.0,0.0,0.0,5.583020141642242,0.0,5.969305287951849,9.77851570501903,0.0,0.0,23.20187978046503,36.39820241076966,15.608718119179647,5.563451491696996,3.0,40.270905927675386,0.0,0.0,52.006920529949305,11.454175413722904,0.0,0.0,23.20187978046503,0.0,10.357988675768818,40.815353347823006,10.045266627482652,22.553896272981405,5.563179012345679,11.86784175558466,9.462786802320831,0.0,0.0,0.0,1.0,0.0,0.0,0.0,0.0,0.0,1.0,0.0,0.0,0.0,0.0,0.0,0.0,0.0,0.0,0.0,0.0,0.0,0.0,0.0,0.0,0.0,1.0,0.0,0.0,0.0,0.0,0.0,0.0,2.0,0.0,0.0,0.0,0.0,0.0,0.0,0.0,0.0,0.0,0.0,0.0,0.0,0.0,0.0,0.0,0.0,1.0,0.0,0.0,0.0,0.0,0.0,0.0,0.0,0.0,0.0,0.0,0.0,0.0,0.0,0.0,0.0,0.0,0.0,0.7567932345434781,806.1471221601457,1.8,0.4776375906765487,0.3353209782765549,4.0,0.0,5.890723922025908,0.0,0.0,15.202494060372848,9.890192640952923,1.7472198251728686,-0.6781585411942554,0.0,1.0,2.0,0.0,0.0
2.4795706195435034,-2.475604169818526,2.460486963578276,-2.54908636024746,6.027732668324078,-0.1305685434176336,19.14352117160731,9.779393198263731,1.5460770899142344,0.0,35.250880120036555,24.09248101223257,5.563451491696996,36.39820241076966,41.29811214162014,0.0,0.0,0.0,0.2083333333333333,-3.2499999999999987,3.910448871693423,13.323693681736057,0.105565476190476,-0.8067231928992393,4.888300000000004,0.0,3.0,0.0,0.0,0.0,0.0,0.0,8.78083009534964,0.0,0.0,24.26546827384644,72.49948277693889,5.687386274683562,18.063713263057657,4.0,11.594566004035068,0.0,5.917906046161393,95.55774948702512,5.749511833283905,14.468216370033202,5.749511833283905,0.0,17.55234772825318,36.11435344614228,72.79640482153933,0.0,0.0,26.426309220028244,0.0,17.734904109153817,0.0,0.0,0.0,0.0,0.0,1.0,0.0,0.0,0.0,1.0,0.0,0.0,0.0,0.0,0.0,0.0,0.0,0.0,0.0,1.0,0.0,0.0,0.0,0.0,0.0,0.0,0.0,0.0,0.0,0.0,0.0,0.0,2.0,0.0,0.0,0.0,0.0,0.0,0.0,0.0,1.0,0.0,0.0,0.0,0.0,0.0,0.0,0.0,0.0,0.0,0.0,0.0,0.0,0.0,0.0,0.0,0.0,0.0,0.0,0.0,0.0,0.0,0.0,0.0,0.0,0.0,0.0,0.5702138618789355,1019.8265077961432,1.4333333333333331,0.5079666233885607,0.23264472265504,4.0,1.0,5.907179729351506,4.899909730850478,4.794537184071822,14.554938663328816,20.0510513559859,2.034770007763335,-1.1008996237623154,0.0,0.0,3.0,1.0,0.0
2.150266564801819,-2.0964597202255595,2.2566642672042674,-2.1271671009557087,6.07577842926467,0.1021997327274231,16.476812151600267,10.094845573370048,1.217546226970626,0.0,28.50364217976866,28.993455778642176,19.26246486877803,11.629818560158606,42.46456947923127,18.19910120538483,38.07365654884136,9.154013890853395,0.1481481481481481,-4.789999999999999,5.302620586039289,12.89012477309524,0.1442445105406655,-0.3430330983204144,4.627100000000003,0.0,5.0,0.0,0.0,16.772057952417224,5.907179729351506,0.0,0.0,5.213385095654868,10.197363616602075,36.39820241076966,66.43750386689956,11.629818560158606,17.680492453661277,5.0,22.563810360142107,0.0,0.0,100.21300244936732,17.334163750158275,5.687386274683562,5.749511833283905,0.0,0.0,28.763083413317837,88.07446001112612,0.0,22.553896272981405,11.662047058114553,0.0,23.557443613345395,0.6072666137984847,0.0,0.0,0.0,1.0,0.0,0.0,0.0,0.0,3.0,0.0,0.0,0.0,0.0,0.0,0.0,0.0,0.0,0.0,1.0,1.0,0.0,0.0,0.0,0.0,1.0,0.0,0.0,0.0,0.0,0.0,0.0,0.0,0.0,0.0,0.0,0.0,0.0,0.0,0.0,0.0,0.0,0.0,0.0,0.0,0.0,0.0,0.0,0.0,0.0,0.0,1.0,0.0,0.0,0.0,0.0,0.0,0.0,0.0,0.0,0.0,1.0,0.0,0.0,0.0,2.0,0.0,0.2943508195259522,1514.1648662784476,1.805555555555556,0.4936008288402452,0.2552657895837605,9.0,0.0,5.824404497999927,11.923670568519247,6.4208216229260096,25.457090329977834,16.652546580232382,2.077947858584705,0.6487962870377812,0.0,4.0,3.0,0.0,0.0
2.4653565048842205,-2.392780289078518,2.4128132708212258,-2.585860631200449,7.460881300253773,-0.2794833569084271,31.20599715534252,9.995001826102902,2.75639079905674,0.0,0.0,0.0,0.0,0.0,0.0,0.0,9.047494323423637,24.31050936480995,1.0,0.06,5.44844908531314,10.63823459064696,0.9065047871000248,-5.067890736541529,-2.9874,0.0,0.0,0.0,0.0,6.290026729335213,0.0,15.645394246264342,9.130096569862658,0.0,0.0,0.0,0.0,0.0,6.606881964512918,1.0,15.645394246264342,0.0,0.0,0.0,0.0,0.0,0.0,15.645394246264342,0.0,0.0,0.0,0.0,0.0,33.938511099913214,0.0,0.0,-0.9065047871000248,-9.952090642584196,0.0,0.0,0.0,0.0,0.0,0.0,0.0,0.0,0.0,0.0,0.0,0.0,0.0,0.0,0.0,0.0,0.0,0.0,0.0,0.0,0.0,0.0,0.0,0.0,0.0,0.0,0.0,0.0,0.0,0.0,0.0,0.0,0.0,0.0,0.0,0.0,0.0,0.0,0.0,0.0,0.0,0.0,0.0,0.0,0.0,0.0,0.0,0.0,0.0,0.0,0.0,0.0,0.0,0.0,0.0,0.0,0.0,0.0,0.0,0.0,0.0,0.0,0.0,0.0,0.0,0.2503430243725138,412.1706099560218,1.45,0.4715216261387958,0.387497165191299,12.0,1.0,0.0,6.606881964512918,22.914453847086342,34.14397892696173,28.3733699845679,0.0,0.0,0.0,0.0,0.0,0.0,2.0
2.189230137999083,-2.224856819231722,2.313444953771129,-2.2326014262695484,5.186573090483057,0.1562937449705682,16.47646800002493,9.861237111505346,2.373205164907992,0.0,5.559266895052007,5.917906046161393,28.8294303743037,25.32883193723964,0.0,12.990104268152232,0.0,0.0,0.5833333333333334,-1.25,2.05910996593589,11.4162606292517,0.3096541950113383,-0.3096541950113383,2.44172,1.0,1.0,0.0,1.0,0.0,5.559266895052007,0.0,0.0,4.7304076419062255,0.0,19.26246486877803,31.395199005701247,11.984273114623004,5.693927994848461,2.0,0.0,0.0,0.0,33.743917702592505,0.0,0.0,0.0,0.0,6.923737199690624,49.2793936473369,16.927271320995043,0.0,0.0,0.8224074074074075,0.0,3.3925725151171577,1.8965539965986395,0.0,0.0,0.0,0.0,0.0,0.0,0.0,0.0,1.0,0.0,0.0,0.0,0.0,0.0,0.0,0.0,0.0,0.0,0.0,1.0,0.0,0.0,0.0,0.0,0.0,0.0,0.0,0.0,0.0,0.0,0.0,0.0,0.0,0.0,0.0,0.0,0.0,0.0,0.0,0.0,0.0,0.0,0.0,0.0,0.0,0.0,0.0,0.0,0.0,0.0,0.0,0.0,0.0,0.0,1.0,0.0,0.0,0.0,0.0,0.0,0.0,0.0,0.0,0.0,0.0,0.0,0.7185665096760773,402.573413213669,1.9333333333333331,0.4251098762095432,0.2828119270205298,3.0,0.0,0.0,0.0,0.0,11.4162606292517,9.678410808767952,1.4177286470143613,0.3577314814814814,0.0,1.0,0.0,0.0,0.0
